,match_id,home_team_id,home_team,home_short_title,away_team_id,away_team,away_short_title,home_goals,away_goals,datetime
0,1327,117,Bayern Munich,BAY,123,Werder Bremen,WER,6,0,2016-08-26 22:30:00
1,1328,121,Augsburg,AUG,131,Wolfsburg,WOL,0,2,2016-08-27 17:30:00
2,1329,118,Hamburger SV,HAM,126,Ingolstadt,ING,1,1,2016-08-27 17:30:00
3,1330,132,Eintracht Frankfurt,EIN,124,Schalke 04,SCH,1,0,2016-08-27 17:30:00
4,1331,134,FC Cologne,COL,127,Darmstadt,DAR,2,0,2016-08-27 17:30:00
5,1332,129,Borussia Dortmund,DOR,125,Mainz 05,MAI,2,1,2016-08-27 17:30:00
6,1333,130,Borussia M.Gladbach,BMG,119,Bayer Leverkusen,LEV,2,1,2016-08-27 20:30:00
7,1334,122,Hertha Berlin,HER,135,Freiburg,FRE,2,1,2016-08-28 17:30:00
8,1335,120,Hoffenheim,HOF,136,RasenBallsport Leipzig,RBL,2,2,2016-08-28 19:30:00
9,1336,124,Schalke 04,SCH,117,Bayern Munich,BAY,0,2,2016-09-09 22:30:00
10,1337,131,Wolfsburg,WOL,134,FC Cologne,COL,0,0,2016-09-10 17:30:00
11,1338,126,Ingolstadt,ING,122,Hertha Berlin,HER,0,2,2016-09-10 17:30:00
12,1339,127,Darmstadt,DAR,132,Eintracht Frankfurt,EIN,1,0,2016-09-10 17:30:00
13,1340,135,Freiburg,FRE,130,Borussia M.Gladbach,BMG,3,1,2016-09-10 17:30:00
14,1341,119,Bayer Leverkusen,LEV,118,Hamburger SV,HAM,3,1,2016-09-10 17:30:00
15,1342,136,RasenBallsport Leipzig,RBL,129,Borussia Dortmund,DOR,1,0,2016-09-10 20:30:00
16,1343,123,Werder Bremen,WER,121,Augsburg,AUG,1,2,2016-09-11 17:30:00
17,1344,125,Mainz 05,MAI,120,Hoffenheim,HOF,4,4,2016-09-11 19:30:00
18,1345,134,FC Cologne,COL,135,Freiburg,FRE,3,0,2016-09-16 22:30:00
19,1346,118,Hamburger SV,HAM,136,RasenBallsport Leipzig,RBL,0,4,2016-09-17 17:30:00
20,1347,120,Hoffenheim,HOF,131,Wolfsburg,WOL,0,0,2016-09-17 17:30:00
21,1348,132,Eintracht Frankfurt,EIN,119,Bayer Leverkusen,LEV,2,1,2016-09-17 17:30:00
22,1349,117,Bayern Munich,BAY,126,Ingolstadt,ING,3,1,2016-09-17 17:30:00
23,1350,129,Borussia Dortmund,DOR,127,Darmstadt,DAR,6,0,2016-09-17 17:30:00
24,1351,130,Borussia M.Gladbach,BMG,123,Werder Bremen,WER,4,1,2016-09-17 20:30:00
25,1352,121,Augsburg,AUG,125,Mainz 05,MAI,1,3,2016-09-18 17:30:00
26,1353,122,Hertha Berlin,HER,124,Schalke 04,SCH,2,0,2016-09-18 19:30:00
27,1354,131,Wolfsburg,WOL,129,Borussia Dortmund,DOR,1,5,2016-09-20 22:00:00
28,1355,126,Ingolstadt,ING,132,Eintracht Frankfurt,EIN,0,2,2016-09-20 22:00:00
29,1356,127,Darmstadt,DAR,120,Hoffenheim,HOF,1,1,2016-09-20 22:00:00
30,1357,135,Freiburg,FRE,118,Hamburger SV,HAM,1,0,2016-09-20 22:00:00
31,1358,136,RasenBallsport Leipzig,RBL,130,Borussia M.Gladbach,BMG,1,1,2016-09-21 22:00:00
32,1359,123,Werder Bremen,WER,125,Mainz 05,MAI,1,2,2016-09-21 22:00:00
33,1360,117,Bayern Munich,BAY,122,Hertha Berlin,HER,3,0,2016-09-21 22:00:00
34,1361,119,Bayer Leverkusen,LEV,121,Augsburg,AUG,0,0,2016-09-21 22:00:00
35,1362,124,Schalke 04,SCH,134,FC Cologne,COL,1,3,2016-09-21 22:00:00
36,1363,129,Borussia Dortmund,DOR,135,Freiburg,FRE,3,1,2016-09-23 22:30:00
37,1364,130,Borussia M.Gladbach,BMG,126,Ingolstadt,ING,2,0,2016-09-24 17:30:00
38,1365,125,Mainz 05,MAI,119,Bayer Leverkusen,LEV,2,3,2016-09-24 17:30:00
39,1366,118,Hamburger SV,HAM,117,Bayern Munich,BAY,0,1,2016-09-24 17:30:00
40,1367,121,Augsburg,AUG,127,Darmstadt,DAR,1,0,2016-09-24 17:30:00
41,1368,132,Eintracht Frankfurt,EIN,122,Hertha Berlin,HER,3,3,2016-09-24 17:30:00
42,1369,123,Werder Bremen,WER,131,Wolfsburg,WOL,2,1,2016-09-24 20:30:00
43,1370,120,Hoffenheim,HOF,124,Schalke 04,SCH,2,1,2016-09-25 17:30:00
44,1371,134,FC Cologne,COL,136,RasenBallsport Leipzig,RBL,1,1,2016-09-25 19:45:00
45,1372,136,RasenBallsport Leipzig,RBL,121,Augsburg,AUG,2,1,2016-09-30 22:30:00
46,1373,117,Bayern Munich,BAY,134,FC Cologne,COL,1,1,2016-10-01 17:30:00
47,1374,122,Hertha Berlin,HER,118,Hamburger SV,HAM,2,0,2016-10-01 17:30:00
48,1375,126,Ingolstadt,ING,120,Hoffenheim,HOF,1,2,2016-10-01 17:30:00
49,1376,127,Darmstadt,DAR,123,Werder Bremen,WER,2,2,2016-10-01 17:30:00
50,1377,135,Freiburg,FRE,132,Eintracht Frankfurt,EIN,1,0,2016-10-01 17:30:00
51,1378,119,Bayer Leverkusen,LEV,129,Borussia Dortmund,DOR,2,0,2016-10-01 20:30:00
52,1379,131,Wolfsburg,WOL,125,Mainz 05,MAI,0,0,2016-10-02 17:30:00
53,1380,124,Schalke 04,SCH,130,Borussia M.Gladbach,BMG,4,0,2016-10-02 19:30:00
54,1381,129,Borussia Dortmund,DOR,122,Hertha Berlin,HER,1,1,2016-10-14 22:30:00
55,1382,130,Borussia M.Gladbach,BMG,118,Hamburger SV,HAM,0,0,2016-10-15 17:30:00
56,1383,134,FC Cologne,COL,126,Ingolstadt,ING,2,1,2016-10-15 17:30:00
57,1384,121,Augsburg,AUG,124,Schalke 04,SCH,1,1,2016-10-15 17:30:00
58,1385,120,Hoffenheim,HOF,135,Freiburg,FRE,2,1,2016-10-15 17:30:00
59,1386,132,Eintracht Frankfurt,EIN,117,Bayern Munich,BAY,2,2,2016-10-15 17:30:00
60,1387,123,Werder Bremen,WER,119,Bayer Leverkusen,LEV,2,1,2016-10-15 20:30:00
61,1388,125,Mainz 05,MAI,127,Darmstadt,DAR,2,1,2016-10-16 17:30:00
62,1389,131,Wolfsburg,WOL,136,RasenBallsport Leipzig,RBL,0,1,2016-10-16 19:30:00
63,1390,118,Hamburger SV,HAM,132,Eintracht Frankfurt,EIN,0,3,2016-10-21 22:30:00
64,1391,126,Ingolstadt,ING,129,Borussia Dortmund,DOR,3,3,2016-10-22 17:30:00
65,1392,127,Darmstadt,DAR,131,Wolfsburg,WOL,3,1,2016-10-22 17:30:00
66,1393,135,Freiburg,FRE,121,Augsburg,AUG,2,1,2016-10-22 17:30:00
67,1394,122,Hertha Berlin,HER,134,FC Cologne,COL,2,1,2016-10-22 17:30:00
68,1395,119,Bayer Leverkusen,LEV,120,Hoffenheim,HOF,0,3,2016-10-22 17:30:00
69,1396,117,Bayern Munich,BAY,130,Borussia M.Gladbach,BMG,2,0,2016-10-22 20:30:00
70,1397,136,RasenBallsport Leipzig,RBL,123,Werder Bremen,WER,3,1,2016-10-23 17:30:00
71,1398,124,Schalke 04,SCH,125,Mainz 05,MAI,3,0,2016-10-23 19:30:00
72,3299,130,Borussia M.Gladbach,BMG,132,Eintracht Frankfurt,EIN,0,0,2016-10-28 22:30:00
73,3300,125,Mainz 05,MAI,126,Ingolstadt,ING,2,0,2016-10-29 17:30:00
74,3301,131,Wolfsburg,WOL,119,Bayer Leverkusen,LEV,1,2,2016-10-29 17:30:00
75,3302,121,Augsburg,AUG,117,Bayern Munich,BAY,1,3,2016-10-29 17:30:00
76,3303,123,Werder Bremen,WER,135,Freiburg,FRE,1,3,2016-10-29 17:30:00
77,3304,127,Darmstadt,DAR,136,RasenBallsport Leipzig,RBL,0,2,2016-10-29 17:30:00
78,3305,129,Borussia Dortmund,DOR,124,Schalke 04,SCH,0,0,2016-10-29 20:30:00
79,3306,120,Hoffenheim,HOF,122,Hertha Berlin,HER,1,0,2016-10-30 18:30:00
80,3307,134,FC Cologne,COL,118,Hamburger SV,HAM,3,0,2016-10-30 20:30:00
81,2806,122,Hertha Berlin,HER,130,Borussia M.Gladbach,BMG,3,0,2016-11-04 23:30:00
82,2807,118,Hamburger SV,HAM,129,Borussia Dortmund,DOR,2,5,2016-11-05 18:30:00
83,2808,126,Ingolstadt,ING,121,Augsburg,AUG,0,2,2016-11-05 18:30:00
84,2809,117,Bayern Munich,BAY,120,Hoffenheim,HOF,1,1,2016-11-05 18:30:00
85,2810,119,Bayer Leverkusen,LEV,127,Darmstadt,DAR,3,2,2016-11-05 18:30:00
86,2811,135,Freiburg,FRE,131,Wolfsburg,WOL,0,3,2016-11-05 18:30:00
87,2812,132,Eintracht Frankfurt,EIN,134,FC Cologne,COL,1,0,2016-11-05 21:30:00
88,2813,136,RasenBallsport Leipzig,RBL,125,Mainz 05,MAI,3,1,2016-11-06 18:30:00
89,2814,124,Schalke 04,SCH,123,Werder Bremen,WER,3,1,2016-11-06 20:30:00
90,2815,119,Bayer Leverkusen,LEV,136,RasenBallsport Leipzig,RBL,2,3,2016-11-18 23:30:00
91,2816,130,Borussia M.Gladbach,BMG,134,FC Cologne,COL,1,2,2016-11-19 18:30:00
92,2817,125,Mainz 05,MAI,135,Freiburg,FRE,4,2,2016-11-19 18:30:00
93,2818,131,Wolfsburg,WOL,124,Schalke 04,SCH,0,1,2016-11-19 18:30:00
94,2819,121,Augsburg,AUG,122,Hertha Berlin,HER,0,0,2016-11-19 18:30:00
95,2820,127,Darmstadt,DAR,126,Ingolstadt,ING,0,1,2016-11-19 18:30:00
96,2821,129,Borussia Dortmund,DOR,117,Bayern Munich,BAY,1,0,2016-11-19 21:30:00
97,2822,120,Hoffenheim,HOF,118,Hamburger SV,HAM,2,2,2016-11-20 18:30:00
98,2823,123,Werder Bremen,WER,132,Eintracht Frankfurt,EIN,1,2,2016-11-20 20:30:00
99,2824,135,Freiburg,FRE,136,RasenBallsport Leipzig,RBL,1,4,2016-11-25 23:30:00
100,2825,134,FC Cologne,COL,121,Augsburg,AUG,0,0,2016-11-26 18:30:00
101,2826,130,Borussia M.Gladbach,BMG,120,Hoffenheim,HOF,1,1,2016-11-26 18:30:00
102,2827,118,Hamburger SV,HAM,123,Werder Bremen,WER,2,2,2016-11-26 18:30:00
103,2828,126,Ingolstadt,ING,131,Wolfsburg,WOL,1,1,2016-11-26 18:30:00
104,2829,132,Eintracht Frankfurt,EIN,129,Borussia Dortmund,DOR,2,1,2016-11-26 18:30:00
105,2830,117,Bayern Munich,BAY,119,Bayer Leverkusen,LEV,2,1,2016-11-26 21:30:00
106,2831,124,Schalke 04,SCH,127,Darmstadt,DAR,3,1,2016-11-27 18:30:00
107,2832,122,Hertha Berlin,HER,125,Mainz 05,MAI,2,1,2016-11-27 20:30:00
108,3192,125,Mainz 05,MAI,117,Bayern Munich,BAY,1,3,2016-12-02 23:30:00
109,3193,131,Wolfsburg,WOL,122,Hertha Berlin,HER,2,3,2016-12-03 18:30:00
110,3194,129,Borussia Dortmund,DOR,130,Borussia M.Gladbach,BMG,4,1,2016-12-03 18:30:00
111,3195,119,Bayer Leverkusen,LEV,135,Freiburg,FRE,1,1,2016-12-03 18:30:00
112,3196,120,Hoffenheim,HOF,134,FC Cologne,COL,4,0,2016-12-03 18:30:00
113,3197,123,Werder Bremen,WER,126,Ingolstadt,ING,2,1,2016-12-03 18:30:00
114,3198,136,RasenBallsport Leipzig,RBL,124,Schalke 04,SCH,2,1,2016-12-03 21:30:00
115,3199,127,Darmstadt,DAR,118,Hamburger SV,HAM,0,2,2016-12-04 18:30:00
116,3200,121,Augsburg,AUG,132,Eintracht Frankfurt,EIN,1,1,2016-12-04 20:30:00
117,3201,132,Eintracht Frankfurt,EIN,120,Hoffenheim,HOF,0,0,2016-12-09 23:30:00
118,3202,135,Freiburg,FRE,127,Darmstadt,DAR,1,0,2016-12-10 18:30:00
119,3203,134,FC Cologne,COL,129,Borussia Dortmund,DOR,1,1,2016-12-10 18:30:00
120,3204,118,Hamburger SV,HAM,121,Augsburg,AUG,1,0,2016-12-10 18:30:00
121,3205,126,Ingolstadt,ING,136,RasenBallsport Leipzig,RBL,1,0,2016-12-10 18:30:00
122,3206,117,Bayern Munich,BAY,131,Wolfsburg,WOL,5,0,2016-12-10 18:30:00
123,3207,122,Hertha Berlin,HER,123,Werder Bremen,WER,0,1,2016-12-10 21:30:00
124,3208,130,Borussia M.Gladbach,BMG,125,Mainz 05,MAI,1,0,2016-12-11 18:30:00
125,3209,124,Schalke 04,SCH,119,Bayer Leverkusen,LEV,0,1,2016-12-11 20:30:00
126,3210,120,Hoffenheim,HOF,129,Borussia Dortmund,DOR,2,2,2016-12-16 19:30:00
127,3211,121,Augsburg,AUG,130,Borussia M.Gladbach,BMG,1,0,2016-12-17 18:30:00
128,3212,123,Werder Bremen,WER,134,FC Cologne,COL,1,1,2016-12-17 18:30:00
129,3213,136,RasenBallsport Leipzig,RBL,122,Hertha Berlin,HER,2,0,2016-12-17 18:30:00
130,3214,124,Schalke 04,SCH,135,Freiburg,FRE,1,1,2016-12-17 18:30:00
131,3215,125,Mainz 05,MAI,118,Hamburger SV,HAM,3,1,2016-12-17 18:30:00
132,3216,131,Wolfsburg,WOL,132,Eintracht Frankfurt,EIN,1,0,2016-12-17 21:30:00
133,3217,127,Darmstadt,DAR,117,Bayern Munich,BAY,0,1,2016-12-18 18:30:00
134,3218,119,Bayer Leverkusen,LEV,126,Ingolstadt,ING,1,2,2016-12-18 20:30:00
135,3219,132,Eintracht Frankfurt,EIN,125,Mainz 05,MAI,3,0,2016-12-20 23:00:00
136,3220,130,Borussia M.Gladbach,BMG,131,Wolfsburg,WOL,1,2,2016-12-20 23:00:00
137,3221,118,Hamburger SV,HAM,124,Schalke 04,SCH,2,1,2016-12-20 23:00:00
138,3222,129,Borussia Dortmund,DOR,121,Augsburg,AUG,1,1,2016-12-20 23:00:00
139,3223,126,Ingolstadt,ING,135,Freiburg,FRE,1,2,2016-12-21 23:00:00
140,3224,120,Hoffenheim,HOF,123,Werder Bremen,WER,1,1,2016-12-21 23:00:00
141,3225,122,Hertha Berlin,HER,127,Darmstadt,DAR,2,0,2016-12-21 23:00:00
142,3226,134,FC Cologne,COL,119,Bayer Leverkusen,LEV,1,1,2016-12-21 23:00:00
143,3227,117,Bayern Munich,BAY,136,RasenBallsport Leipzig,RBL,3,0,2016-12-21 23:00:00
144,3722,135,Freiburg,FRE,117,Bayern Munich,BAY,1,2,2017-01-20 19:30:00
145,3726,123,Werder Bremen,WER,129,Borussia Dortmund,DOR,1,2,2017-01-21 14:30:00
146,3723,124,Schalke 04,SCH,126,Ingolstadt,ING,1,0,2017-01-21 17:30:00
147,3724,131,Wolfsburg,WOL,118,Hamburger SV,HAM,1,0,2017-01-21 17:30:00
148,3725,121,Augsburg,AUG,120,Hoffenheim,HOF,0,2,2017-01-21 17:30:00
149,3727,127,Darmstadt,DAR,130,Borussia M.Gladbach,BMG,0,0,2017-01-21 17:30:00
150,3728,136,RasenBallsport Leipzig,RBL,132,Eintracht Frankfurt,EIN,3,0,2017-01-21 20:30:00
151,3729,119,Bayer Leverkusen,LEV,122,Hertha Berlin,HER,3,1,2017-01-22 17:30:00
152,3730,125,Mainz 05,MAI,134,FC Cologne,COL,0,0,2017-01-22 19:30:00
153,3731,124,Schalke 04,SCH,132,Eintracht Frankfurt,EIN,0,1,2017-01-27 22:30:00
154,3732,136,RasenBallsport Leipzig,RBL,120,Hoffenheim,HOF,2,1,2017-01-28 17:30:00
155,3733,131,Wolfsburg,WOL,121,Augsburg,AUG,1,2,2017-01-28 17:30:00
156,3734,126,Ingolstadt,ING,118,Hamburger SV,HAM,3,1,2017-01-28 17:30:00
157,3735,123,Werder Bremen,WER,117,Bayern Munich,BAY,1,2,2017-01-28 17:30:00
158,3736,127,Darmstadt,DAR,134,FC Cologne,COL,1,6,2017-01-28 17:30:00
159,3737,119,Bayer Leverkusen,LEV,130,Borussia M.Gladbach,BMG,2,3,2017-01-28 20:30:00
160,3738,135,Freiburg,FRE,122,Hertha Berlin,HER,2,1,2017-01-29 17:30:00
161,3739,125,Mainz 05,MAI,129,Borussia Dortmund,DOR,1,1,2017-01-29 19:30:00
162,3740,118,Hamburger SV,HAM,119,Bayer Leverkusen,LEV,1,0,2017-02-03 19:30:00
163,3741,134,FC Cologne,COL,131,Wolfsburg,WOL,1,0,2017-02-04 14:30:00
164,3742,120,Hoffenheim,HOF,125,Mainz 05,MAI,4,0,2017-02-04 14:30:00
165,3743,117,Bayern Munich,BAY,124,Schalke 04,SCH,1,1,2017-02-04 14:30:00
166,3744,130,Borussia M.Gladbach,BMG,135,Freiburg,FRE,3,0,2017-02-04 14:30:00
167,3745,122,Hertha Berlin,HER,126,Ingolstadt,ING,1,0,2017-02-04 14:30:00
168,3746,129,Borussia Dortmund,DOR,136,RasenBallsport Leipzig,RBL,1,0,2017-02-04 17:30:00
169,3747,121,Augsburg,AUG,123,Werder Bremen,WER,3,2,2017-02-05 14:30:00
170,3748,132,Eintracht Frankfurt,EIN,127,Darmstadt,DAR,2,0,2017-02-05 16:30:00
171,3749,125,Mainz 05,MAI,121,Augsburg,AUG,2,0,2017-02-10 19:30:00
172,3750,119,Bayer Leverkusen,LEV,132,Eintracht Frankfurt,EIN,3,0,2017-02-11 14:30:00
173,3751,127,Darmstadt,DAR,129,Borussia Dortmund,DOR,2,1,2017-02-11 14:30:00
174,3752,136,RasenBallsport Leipzig,RBL,118,Hamburger SV,HAM,0,3,2017-02-11 14:30:00
175,3753,126,Ingolstadt,ING,117,Bayern Munich,BAY,0,2,2017-02-11 14:30:00
176,3754,123,Werder Bremen,WER,130,Borussia M.Gladbach,BMG,0,1,2017-02-11 14:30:00
177,3755,124,Schalke 04,SCH,122,Hertha Berlin,HER,2,0,2017-02-11 17:30:00
178,3756,131,Wolfsburg,WOL,120,Hoffenheim,HOF,2,1,2017-02-12 14:30:00
179,3757,135,Freiburg,FRE,134,FC Cologne,COL,2,1,2017-02-12 16:30:00
180,3758,121,Augsburg,AUG,119,Bayer Leverkusen,LEV,1,3,2017-02-17 19:30:00
181,3759,132,Eintracht Frankfurt,EIN,126,Ingolstadt,ING,0,2,2017-02-18 14:30:00
182,3760,120,Hoffenheim,HOF,127,Darmstadt,DAR,2,0,2017-02-18 14:30:00
183,3761,125,Mainz 05,MAI,123,Werder Bremen,WER,0,2,2017-02-18 14:30:00
184,3762,122,Hertha Berlin,HER,117,Bayern Munich,BAY,1,1,2017-02-18 14:30:00
185,3763,129,Borussia Dortmund,DOR,131,Wolfsburg,WOL,3,0,2017-02-18 14:30:00
186,3764,118,Hamburger SV,HAM,135,Freiburg,FRE,2,2,2017-02-18 17:30:00
187,3765,130,Borussia M.Gladbach,BMG,136,RasenBallsport Leipzig,RBL,1,2,2017-02-19 14:30:00
188,3766,134,FC Cologne,COL,124,Schalke 04,SCH,1,1,2017-02-19 16:30:00
189,3767,131,Wolfsburg,WOL,123,Werder Bremen,WER,1,2,2017-02-24 19:30:00
190,3768,127,Darmstadt,DAR,121,Augsburg,AUG,1,2,2017-02-25 14:30:00
191,3769,136,RasenBallsport Leipzig,RBL,134,FC Cologne,COL,3,1,2017-02-25 14:30:00
192,3770,135,Freiburg,FRE,129,Borussia Dortmund,DOR,0,3,2017-02-25 14:30:00
193,3771,119,Bayer Leverkusen,LEV,125,Mainz 05,MAI,0,2,2017-02-25 14:30:00
194,3772,117,Bayern Munich,BAY,118,Hamburger SV,HAM,8,0,2017-02-25 14:30:00
195,3773,122,Hertha Berlin,HER,132,Eintracht Frankfurt,EIN,2,0,2017-02-25 17:30:00
196,3774,126,Ingolstadt,ING,130,Borussia M.Gladbach,BMG,0,2,2017-02-26 14:30:00
197,3775,124,Schalke 04,SCH,120,Hoffenheim,HOF,1,1,2017-02-26 16:30:00
198,3776,121,Augsburg,AUG,136,RasenBallsport Leipzig,RBL,2,2,2017-03-03 19:30:00
199,3777,125,Mainz 05,MAI,131,Wolfsburg,WOL,1,1,2017-03-04 14:30:00
200,3778,134,FC Cologne,COL,117,Bayern Munich,BAY,0,3,2017-03-04 14:30:00
201,3779,123,Werder Bremen,WER,127,Darmstadt,DAR,2,0,2017-03-04 14:30:00
202,3780,120,Hoffenheim,HOF,126,Ingolstadt,ING,5,2,2017-03-04 14:30:00
203,3781,129,Borussia Dortmund,DOR,119,Bayer Leverkusen,LEV,6,2,2017-03-04 14:30:00
204,3782,130,Borussia M.Gladbach,BMG,124,Schalke 04,SCH,4,2,2017-03-04 17:30:00
205,3783,132,Eintracht Frankfurt,EIN,135,Freiburg,FRE,1,2,2017-03-05 14:30:00
206,3784,118,Hamburger SV,HAM,122,Hertha Berlin,HER,1,0,2017-03-05 16:30:00
207,3785,119,Bayer Leverkusen,LEV,123,Werder Bremen,WER,1,1,2017-03-10 19:30:00
208,3786,117,Bayern Munich,BAY,132,Eintracht Frankfurt,EIN,3,0,2017-03-11 14:30:00
209,3787,127,Darmstadt,DAR,125,Mainz 05,MAI,2,1,2017-03-11 14:30:00
210,3788,135,Freiburg,FRE,120,Hoffenheim,HOF,1,1,2017-03-11 14:30:00
211,3789,136,RasenBallsport Leipzig,RBL,131,Wolfsburg,WOL,0,1,2017-03-11 14:30:00
212,3790,122,Hertha Berlin,HER,129,Borussia Dortmund,DOR,2,1,2017-03-11 14:30:00
213,3791,126,Ingolstadt,ING,134,FC Cologne,COL,2,2,2017-03-11 17:30:00
214,3792,124,Schalke 04,SCH,121,Augsburg,AUG,3,0,2017-03-12 14:30:00
215,3793,118,Hamburger SV,HAM,130,Borussia M.Gladbach,BMG,2,1,2017-03-12 16:30:00
216,3794,129,Borussia Dortmund,DOR,126,Ingolstadt,ING,1,0,2017-03-17 19:30:00
217,3795,131,Wolfsburg,WOL,127,Darmstadt,DAR,1,0,2017-03-18 14:30:00
218,3796,134,FC Cologne,COL,122,Hertha Berlin,HER,4,2,2017-03-18 14:30:00
219,3797,121,Augsburg,AUG,135,Freiburg,FRE,1,1,2017-03-18 14:30:00
220,3798,123,Werder Bremen,WER,136,RasenBallsport Leipzig,RBL,3,0,2017-03-18 14:30:00
221,3799,120,Hoffenheim,HOF,119,Bayer Leverkusen,LEV,1,0,2017-03-18 14:30:00
222,3800,132,Eintracht Frankfurt,EIN,118,Hamburger SV,HAM,0,0,2017-03-18 17:30:00
223,3801,125,Mainz 05,MAI,124,Schalke 04,SCH,0,1,2017-03-19 14:30:00
224,3802,130,Borussia M.Gladbach,BMG,117,Bayern Munich,BAY,0,1,2017-03-19 16:30:00
225,3803,122,Hertha Berlin,HER,120,Hoffenheim,HOF,1,3,2017-03-31 19:30:00
226,3804,118,Hamburger SV,HAM,134,FC Cologne,COL,2,1,2017-04-01 14:30:00
227,3805,117,Bayern Munich,BAY,121,Augsburg,AUG,6,0,2017-04-01 14:30:00
228,3806,124,Schalke 04,SCH,129,Borussia Dortmund,DOR,1,1,2017-04-01 14:30:00
229,3807,135,Freiburg,FRE,123,Werder Bremen,WER,2,5,2017-04-01 14:30:00
230,3808,136,RasenBallsport Leipzig,RBL,127,Darmstadt,DAR,4,0,2017-04-01 14:30:00
231,3809,132,Eintracht Frankfurt,EIN,130,Borussia M.Gladbach,BMG,0,0,2017-04-01 17:30:00
232,3810,126,Ingolstadt,ING,125,Mainz 05,MAI,2,1,2017-04-02 14:30:00
233,3811,119,Bayer Leverkusen,LEV,131,Wolfsburg,WOL,3,3,2017-04-02 16:30:00
234,3812,129,Borussia Dortmund,DOR,118,Hamburger SV,HAM,3,0,2017-04-04 19:00:00
235,3813,134,FC Cologne,COL,132,Eintracht Frankfurt,EIN,1,0,2017-04-04 19:00:00
236,3814,123,Werder Bremen,WER,124,Schalke 04,SCH,3,0,2017-04-04 19:00:00
237,3815,120,Hoffenheim,HOF,117,Bayern Munich,BAY,1,0,2017-04-04 19:00:00
238,3816,127,Darmstadt,DAR,119,Bayer Leverkusen,LEV,0,2,2017-04-05 19:00:00
239,3817,121,Augsburg,AUG,126,Ingolstadt,ING,2,3,2017-04-05 19:00:00
240,3818,125,Mainz 05,MAI,136,RasenBallsport Leipzig,RBL,2,3,2017-04-05 19:00:00
241,3819,131,Wolfsburg,WOL,135,Freiburg,FRE,0,1,2017-04-05 19:00:00
242,3820,130,Borussia M.Gladbach,BMG,122,Hertha Berlin,HER,1,0,2017-04-05 19:00:00
243,3821,132,Eintracht Frankfurt,EIN,123,Werder Bremen,WER,2,2,2017-04-07 19:30:00
244,3822,135,Freiburg,FRE,125,Mainz 05,MAI,1,0,2017-04-08 14:30:00
245,3823,136,RasenBallsport Leipzig,RBL,119,Bayer Leverkusen,LEV,1,0,2017-04-08 14:30:00
246,3824,124,Schalke 04,SCH,131,Wolfsburg,WOL,4,1,2017-04-08 14:30:00
247,3825,134,FC Cologne,COL,130,Borussia M.Gladbach,BMG,2,3,2017-04-08 14:30:00
248,3826,118,Hamburger SV,HAM,120,Hoffenheim,HOF,2,1,2017-04-08 14:30:00
249,3827,117,Bayern Munich,BAY,129,Borussia Dortmund,DOR,4,1,2017-04-08 17:30:00
250,3828,122,Hertha Berlin,HER,121,Augsburg,AUG,2,0,2017-04-09 14:30:00
251,3829,126,Ingolstadt,ING,127,Darmstadt,DAR,3,2,2017-04-09 16:30:00
252,3830,129,Borussia Dortmund,DOR,132,Eintracht Frankfurt,EIN,3,1,2017-04-15 14:30:00
253,3834,121,Augsburg,AUG,134,FC Cologne,COL,2,1,2017-04-15 14:30:00
254,3835,125,Mainz 05,MAI,122,Hertha Berlin,HER,1,0,2017-04-15 14:30:00
255,3836,131,Wolfsburg,WOL,126,Ingolstadt,ING,3,0,2017-04-15 14:30:00
256,3837,136,RasenBallsport Leipzig,RBL,135,Freiburg,FRE,4,0,2017-04-15 14:30:00
257,3838,120,Hoffenheim,HOF,130,Borussia M.Gladbach,BMG,5,3,2017-04-15 14:30:00
258,3831,119,Bayer Leverkusen,LEV,117,Bayern Munich,BAY,0,0,2017-04-15 17:30:00
259,3832,123,Werder Bremen,WER,118,Hamburger SV,HAM,2,1,2017-04-16 14:30:00
260,3833,127,Darmstadt,DAR,124,Schalke 04,SCH,2,1,2017-04-16 16:30:00
261,3842,134,FC Cologne,COL,120,Hoffenheim,HOF,1,1,2017-04-21 19:30:00
262,3839,117,Bayern Munich,BAY,125,Mainz 05,MAI,2,2,2017-04-22 14:30:00
263,3841,118,Hamburger SV,HAM,127,Darmstadt,DAR,1,2,2017-04-22 14:30:00
264,3843,122,Hertha Berlin,HER,131,Wolfsburg,WOL,1,0,2017-04-22 14:30:00
265,3845,132,Eintracht Frankfurt,EIN,121,Augsburg,AUG,3,1,2017-04-22 14:30:00
266,3846,126,Ingolstadt,ING,123,Werder Bremen,WER,2,4,2017-04-22 14:30:00
267,3840,130,Borussia M.Gladbach,BMG,129,Borussia Dortmund,DOR,2,3,2017-04-22 17:30:00
268,3847,135,Freiburg,FRE,119,Bayer Leverkusen,LEV,2,1,2017-04-23 14:30:00
269,3844,124,Schalke 04,SCH,136,RasenBallsport Leipzig,RBL,1,1,2017-04-23 16:30:00
270,3856,119,Bayer Leverkusen,LEV,124,Schalke 04,SCH,1,4,2017-04-28 19:30:00
271,3848,129,Borussia Dortmund,DOR,134,FC Cologne,COL,0,0,2017-04-29 14:30:00
272,3849,127,Darmstadt,DAR,135,Freiburg,FRE,3,0,2017-04-29 14:30:00
273,3850,123,Werder Bremen,WER,122,Hertha Berlin,HER,2,0,2017-04-29 14:30:00
274,3851,136,RasenBallsport Leipzig,RBL,126,Ingolstadt,ING,0,0,2017-04-29 14:30:00
275,3855,125,Mainz 05,MAI,130,Borussia M.Gladbach,BMG,1,2,2017-04-29 14:30:00
276,3854,131,Wolfsburg,WOL,117,Bayern Munich,BAY,0,6,2017-04-29 17:30:00
277,3853,121,Augsburg,AUG,118,Hamburger SV,HAM,4,0,2017-04-30 14:30:00
278,3852,120,Hoffenheim,HOF,132,Eintracht Frankfurt,EIN,1,0,2017-04-30 16:30:00
279,3863,134,FC Cologne,COL,123,Werder Bremen,WER,4,3,2017-05-05 19:30:00
280,3857,132,Eintracht Frankfurt,EIN,131,Wolfsburg,WOL,0,2,2017-05-06 14:30:00
281,3859,117,Bayern Munich,BAY,127,Darmstadt,DAR,1,0,2017-05-06 14:30:00
282,3860,129,Borussia Dortmund,DOR,120,Hoffenheim,HOF,2,1,2017-05-06 14:30:00
283,3861,130,Borussia M.Gladbach,BMG,121,Augsburg,AUG,1,1,2017-05-06 14:30:00
284,3865,126,Ingolstadt,ING,119,Bayer Leverkusen,LEV,1,1,2017-05-06 14:30:00
285,3862,122,Hertha Berlin,HER,136,RasenBallsport Leipzig,RBL,1,4,2017-05-06 17:30:00
286,3864,118,Hamburger SV,HAM,125,Mainz 05,MAI,0,0,2017-05-07 14:30:00
287,3858,135,Freiburg,FRE,124,Schalke 04,SCH,2,0,2017-05-07 16:30:00
288,3866,119,Bayer Leverkusen,LEV,134,FC Cologne,COL,2,2,2017-05-13 14:30:00
289,3867,124,Schalke 04,SCH,118,Hamburger SV,HAM,1,1,2017-05-13 14:30:00
290,3868,125,Mainz 05,MAI,132,Eintracht Frankfurt,EIN,4,2,2017-05-13 14:30:00
291,3869,131,Wolfsburg,WOL,130,Borussia M.Gladbach,BMG,1,1,2017-05-13 14:30:00
292,3870,121,Augsburg,AUG,129,Borussia Dortmund,DOR,1,1,2017-05-13 14:30:00
293,3871,123,Werder Bremen,WER,120,Hoffenheim,HOF,3,5,2017-05-13 14:30:00
294,3872,127,Darmstadt,DAR,122,Hertha Berlin,HER,0,2,2017-05-13 14:30:00
295,3873,135,Freiburg,FRE,126,Ingolstadt,ING,1,1,2017-05-13 14:30:00
296,3874,136,RasenBallsport Leipzig,RBL,117,Bayern Munich,BAY,4,5,2017-05-13 14:30:00
297,3875,129,Borussia Dortmund,DOR,123,Werder Bremen,WER,4,3,2017-05-20 14:30:00
298,3876,130,Borussia M.Gladbach,BMG,127,Darmstadt,DAR,2,2,2017-05-20 14:30:00
299,3877,122,Hertha Berlin,HER,119,Bayer Leverkusen,LEV,2,6,2017-05-20 14:30:00
300,3878,134,FC Cologne,COL,125,Mainz 05,MAI,2,0,2017-05-20 14:30:00
301,3879,118,Hamburger SV,HAM,131,Wolfsburg,WOL,2,1,2017-05-20 14:30:00
302,3880,126,Ingolstadt,ING,124,Schalke 04,SCH,1,1,2017-05-20 14:30:00
303,3881,120,Hoffenheim,HOF,121,Augsburg,AUG,0,0,2017-05-20 14:30:00
304,3882,132,Eintracht Frankfurt,EIN,136,RasenBallsport Leipzig,RBL,2,2,2017-05-20 14:30:00
305,3883,117,Bayern Munich,BAY,135,Freiburg,FRE,4,1,2017-05-20 14:30:00
